court_name,oblast_name,raion_name,settlement_name,notes
Вінницький міський суд,Вінницька область,Вінницький район,Вінниця,Місто обласного значення
Вінницький районний суд,Вінницька область,Вінницький район,,Сільська місцевість Вінницького району
Гайсинський районний суд,Вінницька область,Гайсинський район,,
Жмеринський міськрайонний суд,Вінницька область,Жмеринський район,,
Могилів-Подільський районний суд,Вінницька область,Могилів-Подільський район,,
Тульчинський районний суд,Вінницька область,Тульчинський район,,
Хмільницький міськрайонний суд,Вінницька область,Хмільницький район,,
Луцький міськрайонний суд,Волинська область,Луцький район,,
Володимир-Волинський міськрайонний суд,Волинська область,Володимир-Волинський район,,
Ковельський міськрайонний суд,Волинська область,Ковельський район,,
Камінь-Каширський районний суд,Волинська область,Камінь-Каширський район,,
Дніпровський районний суд міста Дніпра,Дніпропетровська область,Дніпровський район,Дніпро,Місто обласного значення
Кам'янський міський суд,Дніпропетровська область,Кам'янський район,Кам'янське,
Криворізький районний суд,Дніпропетровська область,Криворізький район,,
Нікопольський міськрайонний суд,Дніпропетровська область,Нікопольський район,,
Новомосковський міськрайонний суд,Дніпропетровська область,Новомосковський район,,
Павлоградський міськрайонний суд,Дніпропетровська область,Павлоградський район,,
Синельниківський районний суд,Дніпропетровська область,Синельниківський район,,
Бахмутський міськрайонний суд,Донецька область,Бахмутський район,,
Волноваський районний суд,Донецька область,Волноваський район,,
Маріупольський міський суд,Донецька область,Маріупольський район,Маріуполь,
Покровський міськрайонний суд,Донецька область,Покровський район,,
Житомирський міський суд,Житомирська область,Житомирський район,Житомир,
Бердичівський міськрайонний суд,Житомирська область,Бердичівський район,,
Коростенський міськрайонний суд,Житомирська область,Коростенський район,,
Новоград-Волинський міськрайонний суд,Житомирська область,Новоград-Волинський район,,
Берегівський районний суд,Закарпатська область,Берегівський район,,
Мукачівський міськрайонний суд,Закарпатська область,Мукачівський район,,
Рахівський районний суд,Закарпатська область,Рахівський район,,
Тячівський районний суд,Закарпатська область,Тячівський район,,
Ужгородський міськрайонний суд,Закарпатська область,Ужгородський район,,
Хустський районний суд,Закарпатська область,Хустський район,,
Запорізький районний суд,Запорізька область,Запорізький район,Запоріжжя,
Бердянський міськрайонний суд,Запорізька область,Бердянський район,,
Мелітопольський міськрайонний суд,Запорізька область,Мелітопольський район,,
Пологівський районний суд,Запорізька область,Пологівський район,,
Василівський районний суд,Запорізька область,Василівський район,,
Івано-Франківський міський суд,Івано-Франківська область,Івано-Франківський район,Івано-Франківськ,
Верховинський районний суд,Івано-Франківська область,Верховинський район,,
Калуський міськрайонний суд,Івано-Франківська область,Калуський район,,
Коломийський міськрайонний суд,Івано-Франківська область,Коломийський район,,
Надвірнянський районний суд,Івано-Франківська область,Надвірнянський район,,
Білоцерківський міськрайонний суд,Київська область,Білоцерківський район,,
Бориспільський міськрайонний суд,Київська область,Бориспільський район,,
Броварський міськрайонний суд,Київська область,Броварський район,,
Бучанський міськрайонний суд,Київська область,Буча-Ірпінський район,,
Обухівський районний суд,Київська область,Обухівський район,,
Фастівський міськрайонний суд,Київська область,Фастівський район,,
Вишгородський районний суд,Київська область,Вишгородський район,,
Кропивницький міськрайонний суд,Кіровоградська область,Кропивницький район,,
Голованівський районний суд,Кіровоградська область,Голованівський район,,
Новоукраїнський районний суд,Кіровоградська область,Новоукраїнський район,,
Олександрійський міськрайонний суд,Кіровоградська область,Олександрійський район,,
Сватівський районний суд,Луганська область,Сватівський район,,
Сєвєродонецький міський суд,Луганська область,Сєвєродонецький район,Сєвєродонецьк,
Старобільський районний суд,Луганська область,Старобільський район,,
Львівський міський суд,Львівська область,Львівський район,Львів,
Дрогобицький міськрайонний суд,Львівська область,Дрогобицький район,,
Золочівський районний суд,Львівська область,Золочівський район,,
Самбірський міськрайонний суд,Львівська область,Самбірський район,,
Стрийський міськрайонний суд,Львівська область,Стрийський район,,
Червоноградський міськрайонний суд,Львівська область,Червоноградський район,,
Яворівський районний суд,Львівська область,Яворівський район,,
Миколаївський міський суд,Миколаївська область,Миколаївський район,Миколаїв,
Баштанський районний суд,Миколаївська область,Баштанський район,,
Вознесенський міськрайонний суд,Миколаївська область,Вознесенський район,,
Первомайський міськрайонний суд,Миколаївська область,Первомайський район,,
Одеський міський суд,Одеська область,Одеський район,Одеса,
Балтський міськрайонний суд,Одеська область,Балтський район,,
Березівський районний суд,Одеська область,Березівський район,,
Білгород-Дністровський міськрайонний суд,Одеська область,Білгород-Дністровський район,,
Болградський районний суд,Одеська область,Болградський район,,
Ізмаїльський міськрайонний суд,Одеська область,Ізмаїльський район,,
Подільський районний суд,Одеська область,Подільський район,,
Роздільнянський районний суд,Одеська область,Роздільнянський район,,
Полтавський міськрайонний суд,Полтавська область,Полтавський район,,
Кременчуцький міськрайонний суд,Полтавська область,Кременчуцький район,,
Лубенський міськрайонний суд,Полтавська область,Лубенський район,,
Миргородський міськрайонний суд,Полтавська область,Миргородський район,,
Рівненський міський суд,Рівненська область,Рівненський район,Рівне,
Вараський районний суд,Рівненська область,Вараський район,,
Дубенський міськрайонний суд,Рівненська область,Дубенський район,,
Сарненський районний суд,Рівненська область,Сарненський район,,
Сумський міський суд,Сумська область,Сумський район,Суми,
Конотопський міськрайонний суд,Сумська область,Конотопський район,,
Охтирський міськрайонний суд,Сумська область,Охтирський район,,
Роменський міськрайонний суд,Сумська область,Роменський район,,
Шосткинський міськрайонний суд,Сумська область,Шосткинський район,,
Тернопільський міськрайонний суд,Тернопільська область,Тернопільський район,,
Кременецький районний суд,Тернопільська область,Кременецький район,,
Чортківський районний суд,Тернопільська область,Чортківський район,,
Харківський районний суд Харківської області,Харківська область,Харківський район,,
Богодухівський районний суд,Харківська область,Богодухівський район,,
Ізюмський міськрайонний суд,Харківська область,Ізюмський район,,
Красноградський районний суд,Харківська область,Красноградський район,,
Куп'янський міськрайонний суд,Харківська область,Куп'янський район,,
Лозівський міськрайонний суд,Харківська область,Лозівський район,,
Чугуївський міськрайонний суд,Харківська область,Чугуївський район,,
Херсонський міський суд,Херсонська область,Херсонський район,Херсон,
Бериславський районний суд,Херсонська область,Бериславський район,,
Генічеський районний суд,Херсонська область,Генічеський район,,
Каховський міськрайонний суд,Херсонська область,Каховський район,,
Скадовський районний суд,Херсонська область,Скадовський район,,
Хмельницький міськрайонний суд,Хмельницька область,Хмельницький район,,
Кам'янець-Подільський міськрайонний суд,Хмельницька область,Кам'янець-Подільський район,,
Шепетівський міськрайонний суд,Хмельницька область,Шепетівський район,,
Черкаський міський суд,Черкаська область,Черкаський район,Черкаси,
Золотоніський міськрайонний суд,Черкаська область,Золотоніський район,,
Уманський міськрайонний суд,Черкаська область,Умань,,
Чернівецький міський суд,Чернівецька область,Чернівецький район,Чернівці,
Дністровський районний суд,Чернівецька область,Дністровський район,,
Чернігівський міський суд,Чернігівська область,Чернігівський район,Чернігів,
Корюківський міськрайонний суд,Чернігівська область,Корюківський район,,
Ніжинський міськрайонний суд,Чернігівська область,Ніжинський район,,
Новгород-Сіверський районний суд,Чернігівська область,Новгород-Сіверський район,,
Прилуцький міськрайонний суд,Чернігівська область,Прилуцький район,,
Печерський районний суд міста Києва,місто Київ,,,Печерський район м. Києва
Шевченківський районний суд міста Києва,місто Київ,,,Шевченківський район м. Києва
Святошинський районний суд міста Києва,місто Київ,,,Святошинський район м. Києва
Оболонський районний суд міста Києва,місто Київ,,,Оболонський район м. Києва
Подільський районний суд міста Києва,місто Київ,,,Подільський район м. Києва
